participant_id,gender,fixation_count,total_fix_time,avg_fix_duration,avg_saccade_length
1,male,21,1848,88.0,1.05
2,male,10,656,65.6,1.1111111111111112
3,female,155,14692,94.78709677419354,0.4090909090909091
4,male,233,29572,126.91845493562232,0.46120689655172414
5,male,227,23456,103.33039647577093,0.6283185840707964
6,male,164,15464,94.29268292682927,0.49079754601226994
8,female,67,5072,75.70149253731343,1.5909090909090908
9,male,85,8024,94.4,0.5476190476190477
10,male,155,19796,127.71612903225807,0.7597402597402597
11,male,141,11640,82.55319148936171,0.8071428571428572
12,female,185,22884,123.6972972972973,0.5380434782608695
13,female,262,36256,138.38167938931298,0.8544061302681992
14,male,166,19964,120.26506024096386,0.4909090909090909
15,male,213,21428,100.60093896713614,0.5377358490566038
16,male,221,26208,118.58823529411765,0.7545454545454545
17,male,244,26160,107.21311475409836,0.588477366255144
18,female,43,3400,79.06976744186046,1.2619047619047619
19,female,4,296,74.0,3.3333333333333335
20,male,228,32236,141.3859649122807,0.5330396475770925
21,male,340,34180,100.52941176470588,0.37168141592920356
22,male,1,68,68.0,0.0
23,male,6,564,94.0,0.6
24,male,215,32348,150.45581395348836,0.3925233644859813
25,male,410,41860,102.09756097560975,0.6943765281173594
26,male,100,13116,131.16,0.7676767676767676
27,male,117,10752,91.8974358974359,0.5775862068965517
28,male,317,42200,133.1230283911672,0.7278481012658228
29,male,206,24272,117.8252427184466,0.8975609756097561
30,male,171,18424,107.74269005847954,0.611764705882353
31,male,299,31552,105.52508361204013,0.7046979865771812
32,male,151,18696,123.81456953642385,0.22666666666666666
33,male,173,22036,127.3757225433526,1.2674418604651163
34,male,262,36256,138.38167938931298,0.40229885057471265
35,male,172,28244,164.2093023255814,0.672514619883041
36,female,81,7528,92.93827160493827,0.4125
37,male,225,22984,102.1511111111111,0.65625
38,male,248,23780,95.88709677419355,0.8421052631578947
39,female,20,1568,78.4,1.368421052631579
40,male,163,16848,103.36196319018404,0.9691358024691358
41,male,191,18468,96.69109947643979,0.531578947368421
42,male,59,4456,75.52542372881356,0.6551724137931034
43,male,172,20164,117.23255813953489,0.7953216374269005
44,male,184,18348,99.71739130434783,0.4207650273224044
45,male,324,39132,120.77777777777777,0.49226006191950467
46,male,27,1992,73.77777777777777,0.7307692307692307
48,male,123,10492,85.30081300813008,0.5655737704918032
50,male,19,1916,100.84210526315789,0.4444444444444444
51,male,159,16828,105.83647798742139,0.4620253164556962
53,male,193,18372,95.19170984455958,0.8645833333333334
54,male,354,59764,168.82485875706215,0.7337110481586402
55,male,332,55124,166.03614457831324,0.525679758308157
56,male,159,25612,161.0817610062893,0.36075949367088606
57,male,77,7056,91.63636363636364,0.8026315789473685
58,male,421,48980,116.34204275534442,0.5142857142857142
59,female,97,7976,82.22680412371135,1.3854166666666667
60,male,287,32136,111.97212543554006,0.486013986013986
61,male,409,41460,101.36919315403424,0.7058823529411765
62,male,106,11992,113.13207547169812,0.6666666666666666
63,male,357,43784,122.64425770308124,0.6320224719101124
64,male,428,46976,109.75700934579439,0.7845433255269321
65,female,62,5504,88.7741935483871,1.0819672131147542
66,female,80,6656,83.2,0.620253164556962
67,male,38,2628,69.15789473684211,1.1891891891891893
68,male,241,25044,103.91701244813278,0.3958333333333333
69,male,301,39712,131.93355481727573,0.7066666666666667
70,male,113,9124,80.7433628318584,0.4375
71,male,79,6048,76.55696202531645,1.6923076923076923
72,male,184,15900,86.41304347826087,1.2349726775956285
73,male,321,34420,107.22741433021807,0.746875
74,male,115,15464,134.4695652173913,0.5175438596491229
75,male,239,32772,137.1213389121339,1.004201680672269
76,female,43,2844,66.13953488372093,0.9047619047619048
77,male,164,22292,135.9268292682927,1.0674846625766872
78,male,247,29284,118.5587044534413,0.3943089430894309
79,male,316,33524,106.0886075949367,0.5619047619047619
80,male,133,10768,80.9624060150376,0.9393939393939394
81,male,132,14368,108.84848484848484,0.5190839694656488
82,male,185,26564,143.5891891891892,0.7336956521739131
83,male,390,39384,100.98461538461538,0.7969151670951157
84,male,346,36148,104.47398843930635,0.7913043478260869
85,male,184,25108,136.45652173913044,0.546448087431694
86,female,630,101496,161.10476190476192,0.5723370429252782
87,male,260,32376,124.52307692307693,0.47876447876447875
88,male,90,7116,79.06666666666666,1.0
89,male,254,36784,144.8188976377953,0.3241106719367589
90,male,72,6800,94.44444444444444,0.5211267605633803
91,male,153,29568,193.2549019607843,0.24342105263157895
92,male,12,1052,87.66666666666667,0.6363636363636364
93,female,92,10608,115.30434782608695,0.5714285714285714
94,male,138,13928,100.92753623188406,0.5547445255474452
95,female,15,1000,66.66666666666667,2.7857142857142856
96,male,245,40720,166.20408163265307,1.1639344262295082
97,male,265,24392,92.04528301886792,0.5151515151515151
98,male,4,304,76.0,0.6666666666666666
99,male,204,18472,90.54901960784314,0.541871921182266
100,male,23,3400,147.82608695652175,1.8181818181818181
101,male,194,17020,87.73195876288659,0.7046632124352331
102,male,5,380,76.0,1.0
103,female,17,1220,71.76470588235294,1.375
104,female,64,5988,93.5625,0.9841269841269841
105,male,150,13352,89.01333333333334,0.738255033557047
106,male,54,4228,78.29629629629629,0.7924528301886793
107,female,246,35352,143.70731707317074,0.44081632653061226
108,male,147,12416,84.4625850340136,0.7054794520547946
110,male,171,17216,100.67836257309942,0.6235294117647059
111,male,17,1224,72.0,0.75
112,male,245,25976,106.02448979591837,0.8360655737704918
113,male,245,22644,92.42448979591836,0.8032786885245902
114,male,89,8736,98.15730337078652,1.3977272727272727
115,male,170,22992,135.24705882352941,0.5621301775147929
116,male,123,16508,134.21138211382114,0.4426229508196721
117,male,306,37392,122.19607843137256,0.8590163934426229
118,male,244,32600,133.60655737704917,1.1975308641975309
119,male,25,1724,68.96,1.1666666666666667
120,male,269,29988,111.47955390334573,0.5335820895522388
121,female,194,24428,125.91752577319588,0.694300518134715
122,male,58,11860,204.48275862068965,0.631578947368421
123,male,202,19608,97.06930693069307,0.6915422885572139
124,male,251,20588,82.02390438247012,0.616
125,male,2,140,70.0,2.0
126,male,339,35876,105.82890855457227,0.4437869822485207
127,male,61,5192,85.11475409836065,1.05
128,male,262,28276,107.92366412213741,0.632183908045977
129,male,17,1284,75.52941176470588,0.75
130,male,11,776,70.54545454545455,0.8
131,male,265,28576,107.83396226415094,0.6477272727272727
132,male,439,38000,86.56036446469248,0.8949771689497716
133,male,211,16888,80.03791469194313,0.6
134,male,97,9316,96.04123711340206,0.5625
135,male,228,18544,81.33333333333333,0.8986784140969163
136,male,211,22028,104.39810426540285,0.6714285714285714
137,male,110,10860,98.72727272727273,0.30275229357798167
138,male,179,24088,134.56983240223462,0.5449438202247191
139,female,105,16132,153.63809523809525,0.8269230769230769
140,male,141,13400,95.0354609929078,0.45714285714285713
141,female,296,43184,145.8918918918919,0.38305084745762713
142,male,368,43740,118.8586956521739,0.7411444141689373
143,male,110,18396,167.23636363636365,0.8715596330275229
144,female,137,11800,86.13138686131387,0.6838235294117647
145,female,200,16996,84.98,0.7035175879396985
146,female,138,11880,86.08695652173913,0.6934306569343066
147,male,327,27428,83.8776758409786,0.5337423312883436
148,female,105,9332,88.87619047619047,0.9134615384615384
149,female,89,9888,111.10112359550561,0.8409090909090909
150,female,61,5312,87.08196721311475,0.6
151,male,586,64020,109.24914675767918,0.4376068376068376
152,female,134,19636,146.53731343283582,0.20300751879699247
153,male,63,4912,77.96825396825396,0.7580645161290323
154,male,410,42320,103.21951219512195,0.6039119804400978
155,male,205,19792,96.54634146341463,0.7843137254901961
156,male,17,1176,69.17647058823529,1.6875
157,male,26,2300,88.46153846153847,1.08
158,male,164,24476,149.2439024390244,0.8159509202453987
159,male,51,4052,79.45098039215686,0.9
160,male,536,51092,95.32089552238806,0.5308411214953271
162,male,282,34424,122.0709219858156,1.00711743772242
163,female,183,18480,100.98360655737704,0.46153846153846156
164,male,233,20760,89.09871244635193,0.7327586206896551
165,male,392,52344,133.53061224489795,0.38618925831202044
166,male,288,24720,85.83333333333333,1.1289198606271778
168,male,485,48296,99.57938144329897,0.6983471074380165
169,male,309,42672,138.09708737864077,0.948051948051948
170,male,72,9656,134.11111111111111,0.7605633802816901
171,male,173,27748,160.39306358381504,0.5465116279069767
172,male,97,14180,146.18556701030928,0.6041666666666666
174,female,32,2396,74.875,0.7419354838709677
176,female,516,62428,120.98449612403101,0.458252427184466
177,male,323,31972,98.984520123839,0.6521739130434783
178,male,264,21932,83.07575757575758,0.6996197718631179
179,male,571,73340,128.44133099824867,0.47368421052631576
180,female,163,17964,110.20858895705521,0.7345679012345679
181,female,102,10732,105.2156862745098,0.40594059405940597
182,male,227,22260,98.06167400881057,1.1371681415929205
183,male,214,20288,94.80373831775701,1.2769953051643192
184,male,289,23736,82.13148788927336,0.5138888888888888
185,male,125,13852,110.816,0.5
186,female,248,31320,126.29032258064517,0.5182186234817814
187,female,4,300,75.0,2.3333333333333335
189,male,200,25636,128.18,0.3869346733668342
190,male,95,14256,150.06315789473683,0.776595744680851
191,male,174,18292,105.1264367816092,0.6069364161849711
192,male,370,52516,141.93513513513514,0.4742547425474255
193,male,50,5052,101.04,0.7346938775510204
194,male,441,45708,103.64625850340136,0.925
195,male,375,38984,103.95733333333334,0.44919786096256686
196,male,346,34416,99.46820809248555,0.7971014492753623
197,male,177,21880,123.61581920903954,0.42045454545454547
198,male,142,20908,147.2394366197183,0.475177304964539
199,male,6,576,96.0,3.0
200,male,286,30436,106.41958041958041,0.6701754385964912
201,male,132,12452,94.33333333333333,0.4732824427480916
202,male,219,26412,120.6027397260274,0.6559633027522935
203,male,96,8208,85.5,1.0526315789473684
204,female,6,412,68.66666666666667,0.2
206,male,422,44128,104.56872037914692,0.6817102137767221
207,female,299,44028,147.25083612040135,0.7483221476510067
208,male,251,23320,92.90836653386454,0.636
210,male,140,13872,99.08571428571429,0.43884892086330934
211,female,324,41180,127.09876543209876,0.21671826625386997
212,male,61,6008,98.49180327868852,0.45
213,male,163,14140,86.74846625766871,0.6296296296296297
214,male,298,29300,98.32214765100672,0.797979797979798
215,male,227,22876,100.77533039647577,0.6460176991150443
